{
  "culture": "ar",
  "texts": {
    "AppName": "InternshipManagementSystem",
    "Menu:Home": "الصفحة الرئيسية",
    "Welcome": "مرحباً",
    "LongWelcomeMessage": "مرحبا بكم في التطبيق. هذا مشروع بدء تشغيل يعتمد على إطار عمل ABP. لمزيد من المعلومات ، يرجى زيارة abp.io.",
    "Permission:ExamAttempts": "محاولات الامتحان",
    "Permission:Create": "إنشاء",
    "Permission:Edit": "تعديل",
    "Permission:Delete": "حذف",
    "Permission:View": "عرض",
    "Permission:Users": "المستخدمين",
    "Permission:ManageRoles": "إدارة الأدوار",
    "Permission:Admin": "مسؤول النظام",
    "Permission:Supervisor": "مشرف تدريب",
    "Permission:Trainee": "متدرب",
    "Permission:CandidateExamAnswers": "إجابات المرشحين",
    "Permission:CandidateExamAnswers.Create": "إنشاء إجابة مرشح",
    "Permission:CandidateExamAnswers.Edit": "تعديل إجابة مرشح",
    "Permission:CandidateExamAnswers.Delete": "حذف إجابة مرشح",
    "Permission:CandidateExamAnswers.View": "عرض إجابات المرشحين",
    "Permission:ManualGrading": "التصحيح اليدوي",
    "Permission:ManualGrading.View": "عرض التصحيح اليدوي",
    "Permission:ManualGrading.Edit": "تعديل التصحيح اليدوي",
    "Permission:ManualReviewDashboard": "لوحة مراجعة المحاولات",
    "Permission:ManualReviewDashboard.View": "عرض لوحة المراجعة"



  }
}