{
  "culture": "en",
  "texts": {
    "AppName": "InternshipManagementSystem",
    "Menu:Home": "Home",
    "Welcome": "Welcome",
    "LongWelcomeMessage": "Welcome to the application. This is a startup project based on the ABP framework. For more information, visit abp.io.",
    "Permission:ExamAttempts": "Exam Attempts",
    "Permission:Create": "Create",
    "Permission:Edit": "Edit",
    "Permission:Delete": "Delete",
    "Permission:View": "View",
    "Permission:Users": "Users",
    "Permission:ManageRoles": "Manage roles"
  }
}